{"meta": {"fits": {"SIMPLE": "1", "BITPIX": "16", "NAXIS": "2", "NAXIS1": "4096", "NAXIS2": "4096", "EXTEND": "1", "BLD_VERS": "V9R1X", "LVL_NUM": "1.0000000", "T_REC": "2018-02-01T14:19:02Z", "TRECSTEP": "1.0000000", "TRECEPOC": "1977.01.01_00:00:00_TAI", "TRECROUN": "1", "ORIGIN": "SDO", "DATE": "2018-02-01T14:23:03", "TELESCOP": "SDO", "INSTRUME": "AIA_1", "DATE-OBS": "2018-02-01T14:19:00.63", "T_OBS": "2018-02-01T14:19:02.08Z", "CAMERA": "1", "IMG_TYPE": "LIGHT", "EXPTIME": "2.9013030", "EXPSDEV": "6.8000000e-05", "INT_TIME": "3.1484380", "WAVELNTH": "335", "WAVEUNIT": "angstrom", "WAVE_STR": "335_THIN", "FSN": "166204554", "FID": "0", "QUALLEV0": "0", "QUALITY": "1073741824", "TOTVALS": "16777216", "DATAVALS": "16777216", "MISSVALS": "0", "PERCENTD": "100.000", "DATAMIN": "-166", "DATAMAX": "401", "DATAMEDN": "1", "DATAMEAN": "0.890000", "DATARMS": "1.74000", "DATASKEW": "2.73000", "DATAKURT": "241.530", "DATACENT": "0.780000", "DATAP01": "-2.00000", "DATAP10": "0.00000", "DATAP25": "1.00000", "DATAP75": "3.00000", "DATAP90": "4.00000", "DATAP95": "5.00000", "DATAP98": "6.00000", "DATAP99": "6.00000", "NSATPIX": "0", "OSCNMEAN": "-nan", "OSCNRMS": "-nan", "FLAT_REC": "aia.flatfield[:#443]", "NSPIKES": "3621", "CTYPE1": "HPLN-TAN", "CUNIT1": "arcsec", "CRVAL1": "0.0000000", "CDELT1": "0.60073700", "CRPIX1": "2040.9700", "CTYPE2": "HPLT-TAN", "CUNIT2": "arcsec", "CRVAL2": "0.0000000", "CDELT2": "0.60073700", "CRPIX2": "2038.0500", "CROTA2": "-0.14250500", "R_SUN": "1621.2246", "MPO_REC": "sdo.master_pointing[:#1100]", "INST_ROT": "-0.14244300", "IMSCL_MP": "0.60073700", "X0_MP": "2039.9700", "Y0_MP": "2037.0500", "ASD_REC": "sdo.lev0_asd_0004[:#63156272]", "SAT_Y0": "1.1345410", "SAT_Z0": "10.578177", "SAT_ROT": "-6.2000000e-05", "ACS_MODE": "SCIENCE", "ACS_ECLP": "NO", "ACS_SUNP": "YES", "ACS_SAFE": "NO", "ACS_CGT": "GT3", "ORB_REC": "sdo.fds_orbit_vectors[2018.02.01_14:19:00_UTC]", "DSUN_REF": "1.4959787e+11", "DSUN_OBS": "1.4740372e+11", "RSUN_REF": "6.9600000e+08", "RSUN_OBS": "973.92955", "GAEX_OBS": "-14864842.", "GAEY_OBS": "-23701025.", "GAEZ_OBS": "31538766.", "HAEX_OBS": "-9.9462550e+10", "HAEY_OBS": "1.0878905e+11", "HAEZ_OBS": "27280041.", "OBS_VR": "-2661.8817", "OBS_VW": "29177.041", "OBS_VN": "-1898.9317", "CRLN_OBS": "290.01874", "CRLT_OBS": "-6.0424390", "CAR_ROT": "2200", "HGLN_OBS": "0.0000000", "HGLT_OBS": "-6.0424390", "ROI_NWIN": "-2147483648", "ROI_SUM": "-2147483648", "ROI_NAX1": "-2147483648", "ROI_NAY1": "-2147483648", "ROI_LLX1": "-2147483648", "ROI_LLY1": "-2147483648", "ROI_NAX2": "-2147483648", "ROI_NAY2": "-2147483648", "ROI_LLX2": "-2147483648", "ROI_LLY2": "-2147483648", "PIXLUNIT": "DN", "DN_GAIN": "17.6000", "EFF_AREA": "-0.125000", "EFF_AR_V": "3.00000", "TEMPCCD": "nan", "TEMPGT": "nan", "TEMPSMIR": "nan", "TEMPFPAD": "nan", "ISPSNAME": "aia.lev0_isp_0011", "ISPPKTIM": "2018-02-01T14:18:59.00Z", "ISPPKTVN": "001.197", "AIVNMST": "453", "AIMGOTS": "1896185978", "ASQHDR": "166204554", "ASQTNUM": "0", "ASQFSN": "166204554", "AIAHFSN": "166204546", "AECDELAY": "1532", "AIAECTI": "0", "AIASEN": "0", "AIFDBID": "241", "AIMGOTSS": "46390", "AIFCPS": "30", "AIFTSWTH": "0", "AIFRMLID": "3255", "AIFTSID": "40960", "AIHISMXB": "7", "AIHIS192": "0", "AIHIS348": "8386195", "AIHIS604": "8388547", "AIHIS860": "8388608", "AIFWEN": "204", "AIMGSHCE": "2900", "AECTYPE": "0", "AECMODE": "ON", "AISTATE": "CLOSED", "AIAECENF": "1", "AIFILTYP": "0", "AIMSHOBC": "40.180000", "AIMSHOBE": "25.308001", "AIMSHOTC": "54.348000", "AIMSHOTE": "68.199997", "AIMSHCBC": "2941.5481", "AIMSHCBE": "2926.6799", "AIMSHCTC": "2955.5681", "AIMSHCTE": "2969.4519", "AICFGDL1": "0", "AICFGDL2": "25", "AICFGDL3": "89", "AICFGDL4": "236", "AIFOENFL": "1", "AIMGFSN": "0", "AIMGTYP": "0", "AIAWVLEN": "0", "AIAGP1": "0", "AIAGP2": "0", "AIAGP3": "0", "AIAGP4": "0", "AIAGP5": "0", "AIAGP6": "0", "AIAGP7": "0", "AIAGP8": "281", "AIAGP9": "345", "AIAGP10": "748", "AGT1SVY": "-7", "AGT1SVZ": "-9", "AGT2SVY": "-10", "AGT2SVZ": "-15", "AGT3SVY": "-1", "AGT3SVZ": "0", "AGT4SVY": "55", "AGT4SVZ": "118", "AIMGSHEN": "4", "KEYWDDOC": "http:", "RECNUM": "150197092", "BLANK": "-32768", "CHECKSUM": "o3fkp2cho2cho2ch", "DATASUM": "2066385750", "DATE_OBS": "2018-02-01T14:19:00.63", "XCEN": "4.5235670", "YCEN": "6.2776722", "history": "FITSHEAD2STRUCT run at: Thu Feb  1 06:37:33 2018", "comment": "FITS (Flexible Image Transport System) format is defined in 'Astronomy\nand Astrophysics', volume 376, page 359; bibcode: 2001A&A...376..359H\nFITSHEAD2STRUCT"}, "helioviewer": {"HV_ROTATION": "0.00000", "HV_JP2GEN_VERSION": "0.8", "HV_JP2GEN_BRANCH_REVISION": "No valid revision number found. Bazaar not installed? Using HV_WRITTENBY manually included revision number: 84 [2011/01/10, https://launchpad.net/jp2gen] : % SPAWN: Error managing child process.:  No such file or directory", "HV_HVS_DETAILS_FILENAME": "hvs_version5.pro", "HV_HVS_DETAILS_FILENAME_VERSION": "5.0", "HV_COMMENT": "JP2 file created locally at Lockheed LMSAL using hv_aia_list2jp2_gs2 at Thu Feb  1 06:37:33 2018.\nContact Helioviewer LMSAL Franchise (slater@lmsal.com) for more details/questions/comments regarding this JP2 file.\nHVS (Helioviewer setup) file used to create this JP2 file: hvs_version5.pro (version 5.0).\nFITS to JP2 source code provided by ESA/NASA Helioviewer Project [contact the Helioviewer Project at webmaster@helioviewer.org][NASA-GSFC] and is available for download at https://launchpad.net/jp2gen.\nPlease contact the source code providers if you suspect an error in the source code.\nFull source code for the entire Helioviewer Project can be found at https://launchpad.net/helioviewer.", "HV_SUPPORTED": "TRUE"}}}