{"meta": {"fits": {"SIMPLE": "1", "BITPIX": "16", "NAXIS": "2", "NAXIS1": "4096", "NAXIS2": "4096", "EXTEND": "1", "BLD_VERS": "V9R1X", "LVL_NUM": "1.0000000", "T_REC": "2018-02-01T14:34:02Z", "TRECSTEP": "1.0000000", "TRECEPOC": "1977.01.01_00:00:00_TAI", "TRECROUN": "1", "ORIGIN": "SDO", "DATE": "2018-02-01T14:37:56", "TELESCOP": "SDO", "INSTRUME": "AIA_1", "DATE-OBS": "2018-02-01T14:34:00.63", "T_OBS": "2018-02-01T14:34:02.08Z", "CAMERA": "1", "IMG_TYPE": "LIGHT", "EXPTIME": "2.9013000", "EXPSDEV": "6.9000000e-05", "INT_TIME": "3.1562500", "WAVELNTH": "335", "WAVEUNIT": "angstrom", "WAVE_STR": "335_THIN", "FSN": "166205154", "FID": "0", "QUALLEV0": "0", "QUALITY": "1073741824", "TOTVALS": "16777216", "DATAVALS": "16777216", "MISSVALS": "0", "PERCENTD": "100.000", "DATAMIN": "-164", "DATAMAX": "436", "DATAMEDN": "1", "DATAMEAN": "0.900000", "DATARMS": "1.74000", "DATASKEW": "2.92000", "DATAKURT": "293.760", "DATACENT": "0.810000", "DATAP01": "-2.00000", "DATAP10": "0.00000", "DATAP25": "1.00000", "DATAP75": "3.00000", "DATAP90": "4.00000", "DATAP95": "5.00000", "DATAP98": "6.00000", "DATAP99": "6.00000", "NSATPIX": "0", "OSCNMEAN": "-nan", "OSCNRMS": "-nan", "FLAT_REC": "aia.flatfield[:#443]", "NSPIKES": "3831", "CTYPE1": "HPLN-TAN", "CUNIT1": "arcsec", "CRVAL1": "0.0000000", "CDELT1": "0.60073700", "CRPIX1": "2040.9700", "CTYPE2": "HPLT-TAN", "CUNIT2": "arcsec", "CRVAL2": "0.0000000", "CDELT2": "0.60073700", "CRPIX2": "2038.0500", "CROTA2": "-0.14248600", "R_SUN": "1621.2507", "MPO_REC": "sdo.master_pointing[:#1100]", "INST_ROT": "-0.14244300", "IMSCL_MP": "0.60073700", "X0_MP": "2039.9700", "Y0_MP": "2037.0500", "ASD_REC": "sdo.lev0_asd_0004[:#63156497]", "SAT_Y0": "3.8511690", "SAT_Z0": "6.7221600", "SAT_ROT": "-4.3000000e-05", "ACS_MODE": "SCIENCE", "ACS_ECLP": "NO", "ACS_SUNP": "YES", "ACS_SAFE": "NO", "ACS_CGT": "GT3", "ORB_REC": "sdo.fds_orbit_vectors[2018.02.01_14:34:00_UTC]", "DSUN_REF": "1.4959787e+11", "DSUN_OBS": "1.4740134e+11", "RSUN_REF": "6.9600000e+08", "RSUN_OBS": "973.94526", "GAEX_OBS": "-12420289.", "GAEY_OBS": "-24996082.", "GAEZ_OBS": "31596407.", "HAEX_OBS": "-9.9480323e+10", "HAEY_OBS": "1.0876957e+11", "HAEZ_OBS": "27337452.", "OBS_VR": "-2620.2163", "OBS_VW": "29040.418", "OBS_VN": "-2040.3993", "CRLN_OBS": "289.88123", "CRLT_OBS": "-6.0431280", "CAR_ROT": "2200", "HGLN_OBS": "0.0000000", "HGLT_OBS": "-6.0431280", "ROI_NWIN": "-2147483648", "ROI_SUM": "-2147483648", "ROI_NAX1": "-2147483648", "ROI_NAY1": "-2147483648", "ROI_LLX1": "-2147483648", "ROI_LLY1": "-2147483648", "ROI_NAX2": "-2147483648", "ROI_NAY2": "-2147483648", "ROI_LLX2": "-2147483648", "ROI_LLY2": "-2147483648", "PIXLUNIT": "DN", "DN_GAIN": "17.6000", "EFF_AREA": "-0.125000", "EFF_AR_V": "3.00000", "TEMPCCD": "nan", "TEMPGT": "nan", "TEMPSMIR": "nan", "TEMPFPAD": "nan", "ISPSNAME": "aia.lev0_isp_0011", "ISPPKTIM": "2018-02-01T14:33:59.01Z", "ISPPKTVN": "001.197", "AIVNMST": "453", "AIMGOTS": "1896186878", "ASQHDR": "166205154", "ASQTNUM": "0", "ASQFSN": "166205154", "AIAHFSN": "166205146", "AECDELAY": "1539", "AIAECTI": "0", "AIASEN": "0", "AIFDBID": "241", "AIMGOTSS": "45966", "AIFCPS": "30", "AIFTSWTH": "0", "AIFRMLID": "3256", "AIFTSID": "40961", "AIHISMXB": "7", "AIHIS192": "0", "AIHIS348": "8386100", "AIHIS604": "8388537", "AIHIS860": "8388608", "AIFWEN": "204", "AIMGSHCE": "2900", "AECTYPE": "2", "AECMODE": "ON", "AISTATE": "CLOSED", "AIAECENF": "1", "AIFILTYP": "0", "AIMSHOBC": "40.180000", "AIMSHOBE": "25.308001", "AIMSHOTC": "54.348000", "AIMSHOTE": "68.204002", "AIMSHCBC": "2941.5439", "AIMSHCBE": "2926.6799", "AIMSHCTC": "2955.5640", "AIMSHCTE": "2969.4519", "AICFGDL1": "0", "AICFGDL2": "24", "AICFGDL3": "88", "AICFGDL4": "236", "AIFOENFL": "1", "AIMGFSN": "0", "AIMGTYP": "0", "AIAWVLEN": "0", "AIAGP1": "0", "AIAGP2": "0", "AIAGP3": "0", "AIAGP4": "0", "AIAGP5": "0", "AIAGP6": "0", "AIAGP7": "0", "AIAGP8": "280", "AIAGP9": "344", "AIAGP10": "748", "AGT1SVY": "-6", "AGT1SVZ": "-8", "AGT2SVY": "-8", "AGT2SVZ": "-14", "AGT3SVY": "1", "AGT3SVZ": "0", "AGT4SVY": "57", "AGT4SVZ": "119", "AIMGSHEN": "4", "KEYWDDOC": "http:", "RECNUM": "150197712", "BLANK": "-32768", "CHECKSUM": "9HmlDFji9FjiCFji", "DATASUM": "1311349282", "DATE_OBS": "2018-02-01T14:34:00.63", "XCEN": "4.5235670", "YCEN": "6.2776722", "history": "FITSHEAD2STRUCT run at: Thu Feb  1 06:52:34 2018", "comment": "FITS (Flexible Image Transport System) format is defined in 'Astronomy\nand Astrophysics', volume 376, page 359; bibcode: 2001A&A...376..359H\nFITSHEAD2STRUCT"}, "helioviewer": {"HV_ROTATION": "0.00000", "HV_JP2GEN_VERSION": "0.8", "HV_JP2GEN_BRANCH_REVISION": "No valid revision number found. Bazaar not installed? Using HV_WRITTENBY manually included revision number: 84 [2011/01/10, https://launchpad.net/jp2gen] : % SPAWN: Error managing child process.:  No such file or directory", "HV_HVS_DETAILS_FILENAME": "hvs_version5.pro", "HV_HVS_DETAILS_FILENAME_VERSION": "5.0", "HV_COMMENT": "JP2 file created locally at Lockheed LMSAL using hv_aia_list2jp2_gs2 at Thu Feb  1 06:52:34 2018.\nContact Helioviewer LMSAL Franchise (slater@lmsal.com) for more details/questions/comments regarding this JP2 file.\nHVS (Helioviewer setup) file used to create this JP2 file: hvs_version5.pro (version 5.0).\nFITS to JP2 source code provided by ESA/NASA Helioviewer Project [contact the Helioviewer Project at webmaster@helioviewer.org][NASA-GSFC] and is available for download at https://launchpad.net/jp2gen.\nPlease contact the source code providers if you suspect an error in the source code.\nFull source code for the entire Helioviewer Project can be found at https://launchpad.net/helioviewer.", "HV_SUPPORTED": "TRUE"}}}