{"meta": {"fits": {"SIMPLE": "1", "BITPIX": "16", "NAXIS": "2", "NAXIS1": "4096", "NAXIS2": "4096", "EXTEND": "1", "BLD_VERS": "V9R1X", "LVL_NUM": "1.0000000", "T_REC": "2018-02-01T13:19:02Z", "TRECSTEP": "1.0000000", "TRECEPOC": "1977.01.01_00:00:00_TAI", "TRECROUN": "1", "ORIGIN": "SDO", "DATE": "2018-02-01T13:23:55", "TELESCOP": "SDO", "INSTRUME": "AIA_1", "DATE-OBS": "2018-02-01T13:19:00.63", "T_OBS": "2018-02-01T13:19:02.08Z", "CAMERA": "1", "IMG_TYPE": "LIGHT", "EXPTIME": "2.9013080", "EXPSDEV": "7.1000000e-05", "INT_TIME": "3.1562500", "WAVELNTH": "335", "WAVEUNIT": "angstrom", "WAVE_STR": "335_THIN", "FSN": "166202154", "FID": "0", "QUALLEV0": "0", "QUALITY": "1073741824", "TOTVALS": "16777216", "DATAVALS": "16777216", "MISSVALS": "0", "PERCENTD": "100.000", "DATAMIN": "-163", "DATAMAX": "269", "DATAMEDN": "1", "DATAMEAN": "0.890000", "DATARMS": "1.73000", "DATASKEW": "1.96000", "DATAKURT": "64.2300", "DATACENT": "0.800000", "DATAP01": "-2.00000", "DATAP10": "0.00000", "DATAP25": "1.00000", "DATAP75": "3.00000", "DATAP90": "4.00000", "DATAP95": "5.00000", "DATAP98": "6.00000", "DATAP99": "6.00000", "NSATPIX": "0", "OSCNMEAN": "-nan", "OSCNRMS": "-nan", "FLAT_REC": "aia.flatfield[:#443]", "NSPIKES": "4131", "CTYPE1": "HPLN-TAN", "CUNIT1": "arcsec", "CRVAL1": "0.0000000", "CDELT1": "0.60073700", "CRPIX1": "2040.9700", "CTYPE2": "HPLT-TAN", "CUNIT2": "arcsec", "CRVAL2": "0.0000000", "CDELT2": "0.60073700", "CRPIX2": "2038.0500", "CROTA2": "-0.14251300", "R_SUN": "1621.1177", "MPO_REC": "sdo.master_pointing[:#1100]", "INST_ROT": "-0.14244300", "IMSCL_MP": "0.60073700", "X0_MP": "2039.9700", "Y0_MP": "2037.0500", "ASD_REC": "sdo.lev0_asd_0004[:#63155374]", "SAT_Y0": "-5.4992470", "SAT_Z0": "11.723925", "SAT_ROT": "-7.0000000e-05", "ACS_MODE": "SCIENCE", "ACS_ECLP": "NO", "ACS_SUNP": "YES", "ACS_SAFE": "NO", "ACS_CGT": "GT3", "ORB_REC": "sdo.fds_orbit_vectors[2018.02.01_13:19:00_UTC]", "DSUN_REF": "1.4959787e+11", "DSUN_OBS": "1.4741344e+11", "RSUN_REF": "6.9600000e+08", "RSUN_OBS": "973.86535", "GAEX_OBS": "-23901964.", "GAEY_OBS": "-17562140.", "GAEZ_OBS": "29960922.", "HAEX_OBS": "-9.9390685e+10", "HAEY_OBS": "1.0886787e+11", "HAEZ_OBS": "25703125.", "OBS_VR": "-2702.7423", "OBS_VW": "29758.603", "OBS_VN": "-1348.1323", "CRLN_OBS": "290.56830", "CRLT_OBS": "-6.0401720", "CAR_ROT": "2200", "HGLN_OBS": "0.0000000", "HGLT_OBS": "-6.0401720", "ROI_NWIN": "-2147483648", "ROI_SUM": "-2147483648", "ROI_NAX1": "-2147483648", "ROI_NAY1": "-2147483648", "ROI_LLX1": "-2147483648", "ROI_LLY1": "-2147483648", "ROI_NAX2": "-2147483648", "ROI_NAY2": "-2147483648", "ROI_LLX2": "-2147483648", "ROI_LLY2": "-2147483648", "PIXLUNIT": "DN", "DN_GAIN": "17.6000", "EFF_AREA": "-0.125000", "EFF_AR_V": "3.00000", "TEMPCCD": "nan", "TEMPGT": "nan", "TEMPSMIR": "nan", "TEMPFPAD": "nan", "ISPSNAME": "aia.lev0_isp_0011", "ISPPKTIM": "2018-02-01T13:18:59.01Z", "ISPPKTVN": "001.197", "AIVNMST": "453", "AIMGOTS": "1896182378", "ASQHDR": "166202154", "ASQTNUM": "0", "ASQFSN": "166202154", "AIAHFSN": "166202146", "AECDELAY": "1533", "AIAECTI": "0", "AIASEN": "0", "AIFDBID": "241", "AIMGOTSS": "46344", "AIFCPS": "30", "AIFTSWTH": "0", "AIFRMLID": "3255", "AIFTSID": "40960", "AIHISMXB": "7", "AIHIS192": "0", "AIHIS348": "8385977", "AIHIS604": "8388546", "AIHIS860": "8388608", "AIFWEN": "204", "AIMGSHCE": "2900", "AECTYPE": "0", "AECMODE": "ON", "AISTATE": "CLOSED", "AIAECENF": "1", "AIFILTYP": "0", "AIMSHOBC": "40.172001", "AIMSHOBE": "25.299999", "AIMSHOTC": "54.344002", "AIMSHOTE": "68.204002", "AIMSHCBC": "2941.5481", "AIMSHCBE": "2926.6799", "AIMSHCTC": "2955.5681", "AIMSHCTE": "2969.4561", "AICFGDL1": "0", "AICFGDL2": "24", "AICFGDL3": "88", "AICFGDL4": "236", "AIFOENFL": "1", "AIMGFSN": "0", "AIMGTYP": "0", "AIAWVLEN": "0", "AIAGP1": "0", "AIAGP2": "0", "AIAGP3": "0", "AIAGP4": "0", "AIAGP5": "0", "AIAGP6": "0", "AIAGP7": "0", "AIAGP8": "280", "AIAGP9": "344", "AIAGP10": "748", "AGT1SVY": "-8", "AGT1SVZ": "-8", "AGT2SVY": "-10", "AGT2SVZ": "-14", "AGT3SVY": "-2", "AGT3SVZ": "0", "AGT4SVY": "55", "AGT4SVZ": "118", "AIMGSHEN": "4", "KEYWDDOC": "http:", "RECNUM": "150194749", "BLANK": "-32768", "CHECKSUM": "MGXINDVGMDVGMDVG", "DATASUM": "930355463", "DATE_OBS": "2018-02-01T13:19:00.63", "XCEN": "4.5235670", "YCEN": "6.2776722", "history": "FITSHEAD2STRUCT run at: Thu Feb  1 05:37:22 2018", "comment": "FITS (Flexible Image Transport System) format is defined in 'Astronomy\nand Astrophysics', volume 376, page 359; bibcode: 2001A&A...376..359H\nFITSHEAD2STRUCT"}, "helioviewer": {"HV_ROTATION": "0.00000", "HV_JP2GEN_VERSION": "0.8", "HV_JP2GEN_BRANCH_REVISION": "No valid revision number found. Bazaar not installed? Using HV_WRITTENBY manually included revision number: 84 [2011/01/10, https://launchpad.net/jp2gen] : % SPAWN: Error managing child process.:  No such file or directory", "HV_HVS_DETAILS_FILENAME": "hvs_version5.pro", "HV_HVS_DETAILS_FILENAME_VERSION": "5.0", "HV_COMMENT": "JP2 file created locally at Lockheed LMSAL using hv_aia_list2jp2_gs2 at Thu Feb  1 05:37:23 2018.\nContact Helioviewer LMSAL Franchise (slater@lmsal.com) for more details/questions/comments regarding this JP2 file.\nHVS (Helioviewer setup) file used to create this JP2 file: hvs_version5.pro (version 5.0).\nFITS to JP2 source code provided by ESA/NASA Helioviewer Project [contact the Helioviewer Project at webmaster@helioviewer.org][NASA-GSFC] and is available for download at https://launchpad.net/jp2gen.\nPlease contact the source code providers if you suspect an error in the source code.\nFull source code for the entire Helioviewer Project can be found at https://launchpad.net/helioviewer.", "HV_SUPPORTED": "TRUE"}}}